<?xml version="1.0" encoding="UTF-8"?>
<MF0 version="1.1" packageUris="http://schema.mathworks.com/mf0/slsa_mm_rtp_registry/R2023a">
  <slsa.mm.rtpregistry.ModelMetadata type="slsa.mm.rtpregistry.ModelMetadata" uuid="78e233c4-af5b-4f62-92dc-a5cb91601c42">
    <modelName>planta_e_controle_PD_I</modelName>
  </slsa.mm.rtpregistry.ModelMetadata>
  <slsa.mm.rtpregistry.VariableId type="slsa.mm.rtpregistry.VariableId" uuid="d66fee16-e77b-4629-bf0d-6f6d566a1222">
    <workspaceName>global-workspace</workspaceName>
    <name>k</name>
    <parameter type="slsa.mm.rtpregistry.Parameter" uuid="c68ac337-9e69-4999-95f9-e57a43770dc8"/>
  </slsa.mm.rtpregistry.VariableId>
  <slsa.mm.rtpregistry.Parameter type="slsa.mm.rtpregistry.Parameter" uuid="c68ac337-9e69-4999-95f9-e57a43770dc8">
    <id type="slsa.mm.rtpregistry.VariableId" uuid="d66fee16-e77b-4629-bf0d-6f6d566a1222"/>
    <rtpLocation type="slsa.mm.rtpregistry.RtpLocation" uuid="ec998892-855f-43d2-94d2-77c6906b83d1"/>
  </slsa.mm.rtpregistry.Parameter>
  <slsa.mm.rtpregistry.RtpLocation type="slsa.mm.rtpregistry.RtpLocation" uuid="ec998892-855f-43d2-94d2-77c6906b83d1">
    <parameter type="slsa.mm.rtpregistry.Parameter" uuid="c68ac337-9e69-4999-95f9-e57a43770dc8"/>
    <valueIndices>0</valueIndices>
    <valueIndices>2</valueIndices>
  </slsa.mm.rtpregistry.RtpLocation>
</MF0>