<?xml version="1.0" encoding="UTF-8"?>
<MF0 version="1.1" packageUris="http://schema.mathworks.com/mf0/slsa_mm_parameter_tuning/R2021b">
  <slsa.mm.parametertuning.VariableRegistry type="slsa.mm.parametertuning.VariableRegistry" uuid="49f2ec01-315d-40e0-b720-f863cfda961d">
    <defaultValueCachePath>D:\UTFPR\Controle digital\trabalhofinal\Simulação PID PSO\slprj\raccel\planta_e_controle_PD_I\planta_e_controle_PD_I_default_variable_values.mat</defaultValueCachePath>
    <name>planta_e_controle_PD_I</name>
    <variables type="slsa.mm.parametertuning.Variable" uuid="a74ae65a-bbd4-4131-a233-e4463226e872">
      <name>k</name>
      <workspace type="slsa.mm.parametertuning.Workspace" uuid="28050fd0-e068-40b0-a63b-8413dafa15a1"/>
    </variables>
    <workspaces type="slsa.mm.parametertuning.Workspace" uuid="28050fd0-e068-40b0-a63b-8413dafa15a1">
      <name>global-workspace</name>
      <variables type="slsa.mm.parametertuning.Variable" uuid="a74ae65a-bbd4-4131-a233-e4463226e872"/>
    </workspaces>
  </slsa.mm.parametertuning.VariableRegistry>
</MF0>